"search-number","evaluation","evals-requested-so-far","sun-brightness*","albedo*","initial-clouds*","CO2-amount*","random-seed","min-result","max-result","mean-result","stdev-result","final-step-result"
"1","1","160","2.6","0.8","2","75","""-1476650622""","20.22899294541038","20.22899294541038","20.22899294541038","0","20.22899294541038"
"1","2","160","2.6","0.8","2","75","""-1457583826""","18.495363042231325","18.495363042231325","18.495363042231325","0","18.495363042231325"
"1","3","160","2.6","0.8","2","75","""-445889116""","19.15974682064816","19.15974682064816","19.15974682064816","0","19.15974682064816"
"1","4","160","2.6","0.8","2","75","""-1770555795""","18.474378608637647","18.474378608637647","18.474378608637647","0","18.474378608637647"
"1","5","160","2.6","0.8","2","75","""-80046396""","20.706091860861385","20.706091860861385","20.706091860861385","0","20.706091860861385"
"1","6","160","2.6","0.8","2","75","""1252167368""","16.806925573878377","16.806925573878377","16.806925573878377","0","16.806925573878377"
"1","7","160","2.6","0.8","2","75","""-2114442465""","20.264637526144046","20.264637526144046","20.264637526144046","0","20.264637526144046"
"1","8","160","2.6","0.8","2","75","""-794568783""","19.76095305926957","19.76095305926957","19.76095305926957","0","19.76095305926957"
"1","9","160","2.6","0.8","2","75","""-585952695""","18.464011114754026","18.464011114754026","18.464011114754026","0","18.464011114754026"
"1","10","160","2.6","0.8","2","75","""1871484020""","19.648129271680173","19.648129271680173","19.648129271680173","0","19.648129271680173"
"1","11","160","0.6000000000000001","0.8500000000000001","5","150","""625442247""","14.113042168498897","14.113042168498897","14.113042168498897","0","14.113042168498897"
"1","12","160","0.6000000000000001","0.8500000000000001","5","150","""170557286""","12.66994899587968","12.66994899587968","12.66994899587968","0","12.66994899587968"
"1","13","160","0.6000000000000001","0.8500000000000001","5","150","""-737804844""","13.367282851993037","13.367282851993037","13.367282851993037","0","13.367282851993037"
"1","14","160","0.6000000000000001","0.8500000000000001","5","150","""-1260890733""","13.02095658780186","13.02095658780186","13.02095658780186","0","13.02095658780186"
"1","15","160","0.6000000000000001","0.8500000000000001","5","150","""1014989503""","13.015392212133337","13.015392212133337","13.015392212133337","0","13.015392212133337"
"1","16","160","0.6000000000000001","0.8500000000000001","5","150","""637942734""","13.251931062227886","13.251931062227886","13.251931062227886","0","13.251931062227886"
"1","17","160","0.6000000000000001","0.8500000000000001","5","150","""1175311735""","12.886607426090581","12.886607426090581","12.886607426090581","0","12.886607426090581"
"1","18","160","0.6000000000000001","0.8500000000000001","5","150","""-1758510295""","13.03724507472848","13.03724507472848","13.03724507472848","0","13.03724507472848"
"1","19","160","0.6000000000000001","0.8500000000000001","5","150","""1824798463""","13.449294859132479","13.449294859132479","13.449294859132479","0","13.449294859132479"
"1","20","160","0.6000000000000001","0.8500000000000001","5","150","""-2028771687""","13.296665346777544","13.296665346777544","13.296665346777544","0","13.296665346777544"
"1","21","160","4.2","0.55","2","0","""1761055072""","30.10395318904672","30.10395318904672","30.10395318904672","0","30.10395318904672"
"1","22","160","4.2","0.55","2","0","""-1329676608""","30.417476102316993","30.417476102316993","30.417476102316993","0","30.417476102316993"
"1","23","160","4.2","0.55","2","0","""-1376666563""","30.53487551055915","30.53487551055915","30.53487551055915","0","30.53487551055915"
"1","24","160","4.2","0.55","2","0","""1915318425""","31.192718122441125","31.192718122441125","31.192718122441125","0","31.192718122441125"
"1","25","160","4.2","0.55","2","0","""-1291715477""","32.29189386257181","32.29189386257181","32.29189386257181","0","32.29189386257181"
"1","26","160","4.2","0.55","2","0","""1748296805""","33.05294732975945","33.05294732975945","33.05294732975945","0","33.05294732975945"
"1","27","160","4.2","0.55","2","0","""-970866229""","34.44496038039624","34.44496038039624","34.44496038039624","0","34.44496038039624"
"1","28","160","4.2","0.55","2","0","""1213681165""","36.385383086477994","36.385383086477994","36.385383086477994","0","36.385383086477994"
"1","29","160","4.2","0.55","2","0","""-388936667""","32.70722761376719","32.70722761376719","32.70722761376719","0","32.70722761376719"
"1","30","160","4.2","0.55","2","0","""-5476537""","33.26198105415906","33.26198105415906","33.26198105415906","0","33.26198105415906"
"1","31","160","0.2","0.05","2","250","""704954349""","14.382681217208821","14.382681217208821","14.382681217208821","0","14.382681217208821"
"1","32","160","0.2","0.05","2","250","""1705794192""","14.21224530885792","14.21224530885792","14.21224530885792","0","14.21224530885792"
"1","33","160","0.2","0.05","2","250","""698936551""","14.558649633878689","14.558649633878689","14.558649633878689","0","14.558649633878689"
"1","34","160","0.2","0.05","2","250","""-673233084""","14.252222075996672","14.252222075996672","14.252222075996672","0","14.252222075996672"
"1","35","160","0.2","0.05","2","250","""-776134132""","13.506324649465405","13.506324649465405","13.506324649465405","0","13.506324649465405"
"1","36","160","0.2","0.05","2","250","""716953184""","14.209149479760496","14.209149479760496","14.209149479760496","0","14.209149479760496"
"1","37","160","0.2","0.05","2","250","""-1733713615""","13.493684104797095","13.493684104797095","13.493684104797095","0","13.493684104797095"
"1","38","160","0.2","0.05","2","250","""646898549""","14.565240633319245","14.565240633319245","14.565240633319245","0","14.565240633319245"
"1","39","160","0.2","0.05","2","250","""2039417639""","14.643647132654408","14.643647132654408","14.643647132654408","0","14.643647132654408"
"1","40","160","0.2","0.05","2","250","""935561725""","14.496321793022004","14.496321793022004","14.496321793022004","0","14.496321793022004"
"1","41","160","2.8000000000000003","0.4","3","25","""-1481065831""","28.26701446230893","28.26701446230893","28.26701446230893","0","28.26701446230893"
"1","42","160","2.8000000000000003","0.4","3","25","""-92258117""","32.20612090193193","32.20612090193193","32.20612090193193","0","32.20612090193193"
"1","43","160","2.8000000000000003","0.4","3","25","""-1280227245""","31.512219116863676","31.512219116863676","31.512219116863676","0","31.512219116863676"
"1","44","160","2.8000000000000003","0.4","3","25","""-2010465973""","28.60625718217994","28.60625718217994","28.60625718217994","0","28.60625718217994"
"1","45","160","2.8000000000000003","0.4","3","25","""44506161""","29.24087132895858","29.24087132895858","29.24087132895858","0","29.24087132895858"
"1","46","160","2.8000000000000003","0.4","3","25","""-838241809""","28.39343607692251","28.39343607692251","28.39343607692251","0","28.39343607692251"
"1","47","160","2.8000000000000003","0.4","3","25","""-1837923526""","31.369159469562064","31.369159469562064","31.369159469562064","0","31.369159469562064"
"1","48","160","2.8000000000000003","0.4","3","25","""-15692956""","28.513670131668103","28.513670131668103","28.513670131668103","0","28.513670131668103"
"1","49","160","2.8000000000000003","0.4","3","25","""1754437183""","24.19566526811532","24.19566526811532","24.19566526811532","0","24.19566526811532"
"1","50","160","2.8000000000000003","0.4","3","25","""1093920617""","32.85176428534535","32.85176428534535","32.85176428534535","0","32.85176428534535"
"1","51","160","4.4","0.8","2","225","""-948942392""","23.458141620186108","23.458141620186108","23.458141620186108","0","23.458141620186108"
"1","52","160","4.4","0.8","2","225","""377917391""","24.966031087247472","24.966031087247472","24.966031087247472","0","24.966031087247472"
"1","53","160","4.4","0.8","2","225","""-1334847236""","24.977504047926004","24.977504047926004","24.977504047926004","0","24.977504047926004"
"1","54","160","4.4","0.8","2","225","""-368996768""","23.106178359203447","23.106178359203447","23.106178359203447","0","23.106178359203447"
"1","55","160","4.4","0.8","2","225","""-758846159""","25.24366904224674","25.24366904224674","25.24366904224674","0","25.24366904224674"
"1","56","160","4.4","0.8","2","225","""-685122496""","24.81782776118009","24.81782776118009","24.81782776118009","0","24.81782776118009"
"1","57","160","4.4","0.8","2","225","""-1446074245""","25.76922628022046","25.76922628022046","25.76922628022046","0","25.76922628022046"
"1","58","160","4.4","0.8","2","225","""-1085084772""","24.956022349046105","24.956022349046105","24.956022349046105","0","24.956022349046105"
"1","59","160","4.4","0.8","2","225","""775670434""","23.647099233219528","23.647099233219528","23.647099233219528","0","23.647099233219528"
"1","60","160","4.4","0.8","2","225","""-1117039110""","24.29826319582114","24.29826319582114","24.29826319582114","0","24.29826319582114"
"1","61","160","0.6000000000000001","0.30000000000000004","9","100","""-369183688""","14.087124805159728","14.087124805159728","14.087124805159728","0","14.087124805159728"
"1","62","160","0.6000000000000001","0.30000000000000004","9","100","""1571649488""","14.474977600623134","14.474977600623134","14.474977600623134","0","14.474977600623134"
"1","63","160","0.6000000000000001","0.30000000000000004","9","100","""-1544256850""","14.736856114082055","14.736856114082055","14.736856114082055","0","14.736856114082055"
"1","64","160","0.6000000000000001","0.30000000000000004","9","100","""1179281287""","14.970011179288088","14.970011179288088","14.970011179288088","0","14.970011179288088"
"1","65","160","0.6000000000000001","0.30000000000000004","9","100","""160576950""","16.48227199883976","16.48227199883976","16.48227199883976","0","16.48227199883976"
"1","66","160","0.6000000000000001","0.30000000000000004","9","100","""2007614969""","14.988123110558176","14.988123110558176","14.988123110558176","0","14.988123110558176"
"1","67","160","0.6000000000000001","0.30000000000000004","9","100","""-2110308375""","13.43189829817796","13.43189829817796","13.43189829817796","0","13.43189829817796"
"1","68","160","0.6000000000000001","0.30000000000000004","9","100","""240349774""","15.90124065924699","15.90124065924699","15.90124065924699","0","15.90124065924699"
"1","69","160","0.6000000000000001","0.30000000000000004","9","100","""1011679582""","15.28471065057943","15.28471065057943","15.28471065057943","0","15.28471065057943"
"1","70","160","0.6000000000000001","0.30000000000000004","9","100","""-693589491""","13.519037816327492","13.519037816327492","13.519037816327492","0","13.519037816327492"
"1","71","160","2.8000000000000003","0.65","4","50","""962292500""","23.679866120306183","23.679866120306183","23.679866120306183","0","23.679866120306183"
"1","72","160","2.8000000000000003","0.65","4","50","""-1136157205""","21.72517385975356","21.72517385975356","21.72517385975356","0","21.72517385975356"
"1","73","160","2.8000000000000003","0.65","4","50","""1118084997""","22.867851314441396","22.867851314441396","22.867851314441396","0","22.867851314441396"
"1","74","160","2.8000000000000003","0.65","4","50","""1303903769""","21.878139999038524","21.878139999038524","21.878139999038524","0","21.878139999038524"
"1","75","160","2.8000000000000003","0.65","4","50","""695908031""","23.524498978862738","23.524498978862738","23.524498978862738","0","23.524498978862738"
"1","76","160","2.8000000000000003","0.65","4","50","""389498550""","21.399899863024533","21.399899863024533","21.399899863024533","0","21.399899863024533"
"1","77","160","2.8000000000000003","0.65","4","50","""1105294740""","22.42774783491472","22.42774783491472","22.42774783491472","0","22.42774783491472"
"1","78","160","2.8000000000000003","0.65","4","50","""-1866900861""","24.128918008688608","24.128918008688608","24.128918008688608","0","24.128918008688608"
"1","79","160","2.8000000000000003","0.65","4","50","""516155982""","24.931095393470564","24.931095393470564","24.931095393470564","0","24.931095393470564"
"1","80","160","2.8000000000000003","0.65","4","50","""1487954797""","23.996717186952687","23.996717186952687","23.996717186952687","0","23.996717186952687"
"1","81","160","4.6000000000000005","0.9500000000000001","9","150","""-1696018428""","13.012228818389069","13.012228818389069","13.012228818389069","0","13.012228818389069"
"1","82","160","4.6000000000000005","0.9500000000000001","9","150","""1562747801""","14.330319730944668","14.330319730944668","14.330319730944668","0","14.330319730944668"
"1","83","160","4.6000000000000005","0.9500000000000001","9","150","""-153827555""","13.171052183645955","13.171052183645955","13.171052183645955","0","13.171052183645955"
"1","84","160","4.6000000000000005","0.9500000000000001","9","150","""1159339335""","13.291126115166984","13.291126115166984","13.291126115166984","0","13.291126115166984"
"1","85","160","4.6000000000000005","0.9500000000000001","9","150","""-1264311689""","13.751309968674104","13.751309968674104","13.751309968674104","0","13.751309968674104"
"1","86","160","4.6000000000000005","0.9500000000000001","9","150","""-1441635123""","13.767168774072948","13.767168774072948","13.767168774072948","0","13.767168774072948"
"1","87","160","4.6000000000000005","0.9500000000000001","9","150","""1005111630""","15.68082816526376","15.68082816526376","15.68082816526376","0","15.68082816526376"
"1","88","160","4.6000000000000005","0.9500000000000001","9","150","""1534088636""","14.813657985124221","14.813657985124221","14.813657985124221","0","14.813657985124221"
"1","89","160","4.6000000000000005","0.9500000000000001","9","150","""1317294150""","15.311259809880905","15.311259809880905","15.311259809880905","0","15.311259809880905"
"1","90","160","4.6000000000000005","0.9500000000000001","9","150","""1437504966""","14.226506511616831","14.226506511616831","14.226506511616831","0","14.226506511616831"
"1","91","160","5","0.55","9","0","""-1247466782""","28.27284269593742","28.27284269593742","28.27284269593742","0","28.27284269593742"
"1","92","160","5","0.55","9","0","""-1538635018""","27.811001482860757","27.811001482860757","27.811001482860757","0","27.811001482860757"
"1","93","160","5","0.55","9","0","""1282378484""","28.1992997434081","28.1992997434081","28.1992997434081","0","28.1992997434081"
"1","94","160","5","0.55","9","0","""1368870561""","27.21036293184095","27.21036293184095","27.21036293184095","0","27.21036293184095"
"1","95","160","5","0.55","9","0","""-905325694""","21.279930423080437","21.279930423080437","21.279930423080437","0","21.279930423080437"
"1","96","160","5","0.55","9","0","""-376480525""","23.59071569125753","23.59071569125753","23.59071569125753","0","23.59071569125753"
"1","97","160","5","0.55","9","0","""-1590213132""","19.232218920335065","19.232218920335065","19.232218920335065","0","19.232218920335065"
"1","98","160","5","0.55","9","0","""-438545967""","30.050006220273847","30.050006220273847","30.050006220273847","0","30.050006220273847"
"1","99","160","5","0.55","9","0","""1151874589""","27.710351073140494","27.710351073140494","27.710351073140494","0","27.710351073140494"
"1","100","160","5","0.55","9","0","""1505607977""","24.195508328857365","24.195508328857365","24.195508328857365","0","24.195508328857365"
"1","101","160","0","0.5","4","150","""-1127182633""","11.999999999999998","11.999999999999998","11.999999999999998","0","11.999999999999998"
"1","102","160","0","0.5","4","150","""-1922523540""","11.999999999999998","11.999999999999998","11.999999999999998","0","11.999999999999998"
"1","103","160","0","0.5","4","150","""939636380""","11.999999999999998","11.999999999999998","11.999999999999998","0","11.999999999999998"
"1","104","160","0","0.5","4","150","""23209203""","11.999999999999998","11.999999999999998","11.999999999999998","0","11.999999999999998"
"1","105","160","0","0.5","4","150","""1743336274""","11.999999999999998","11.999999999999998","11.999999999999998","0","11.999999999999998"
"1","106","160","0","0.5","4","150","""2108411016""","11.999999999999998","11.999999999999998","11.999999999999998","0","11.999999999999998"
"1","107","160","0","0.5","4","150","""-1824169044""","11.999999999999998","11.999999999999998","11.999999999999998","0","11.999999999999998"
"1","108","160","0","0.5","4","150","""137867064""","11.999999999999998","11.999999999999998","11.999999999999998","0","11.999999999999998"
"1","109","160","0","0.5","4","150","""-403178758""","11.999999999999998","11.999999999999998","11.999999999999998","0","11.999999999999998"
"1","110","160","0","0.5","4","150","""36599080""","11.999999999999998","11.999999999999998","11.999999999999998","0","11.999999999999998"
"1","111","160","4","0.4","4","250","""-76997470""","30.685442046997267","30.685442046997267","30.685442046997267","0","30.685442046997267"
"1","112","160","4","0.4","4","250","""-899016812""","29.70795325097523","29.70795325097523","29.70795325097523","0","29.70795325097523"
"1","113","160","4","0.4","4","250","""-564002943""","30.890641732356087","30.890641732356087","30.890641732356087","0","30.890641732356087"
"1","114","160","4","0.4","4","250","""-1554267180""","31.558331138662048","31.558331138662048","31.558331138662048","0","31.558331138662048"
"1","115","160","4","0.4","4","250","""1272365834""","30.078403387012102","30.078403387012102","30.078403387012102","0","30.078403387012102"
"1","116","160","4","0.4","4","250","""-1398187635""","32.1064857346617","32.1064857346617","32.1064857346617","0","32.1064857346617"
"1","117","160","4","0.4","4","250","""134042403""","36.61207659184874","36.61207659184874","36.61207659184874","0","36.61207659184874"
"1","118","160","4","0.4","4","250","""1289766532""","33.591464947280514","33.591464947280514","33.591464947280514","0","33.591464947280514"
"1","119","160","4","0.4","4","250","""619199517""","29.432065620783153","29.432065620783153","29.432065620783153","0","29.432065620783153"
"1","120","160","4","0.4","4","250","""95186641""","34.092564929280144","34.092564929280144","34.092564929280144","0","34.092564929280144"
"1","121","160","0.2","0.1","1","50","""-2018509190""","14.289885847433018","14.289885847433018","14.289885847433018","0","14.289885847433018"
"1","122","160","0.2","0.1","1","50","""-2098152568""","14.258093544727666","14.258093544727666","14.258093544727666","0","14.258093544727666"
"1","123","160","0.2","0.1","1","50","""-1274051724""","13.951264543043564","13.951264543043564","13.951264543043564","0","13.951264543043564"
"1","124","160","0.2","0.1","1","50","""2145536085""","13.931360013483454","13.931360013483454","13.931360013483454","0","13.931360013483454"
"1","125","160","0.2","0.1","1","50","""2019618604""","13.981487481651172","13.981487481651172","13.981487481651172","0","13.981487481651172"
"1","126","160","0.2","0.1","1","50","""1962279211""","14.869739528957","14.869739528957","14.869739528957","0","14.869739528957"
"1","127","160","0.2","0.1","1","50","""1472476551""","14.082417532399264","14.082417532399264","14.082417532399264","0","14.082417532399264"
"1","128","160","0.2","0.1","1","50","""-579031749""","14.748591861961813","14.748591861961813","14.748591861961813","0","14.748591861961813"
"1","129","160","0.2","0.1","1","50","""-2042378261""","13.831225647643812","13.831225647643812","13.831225647643812","0","13.831225647643812"
"1","130","160","0.2","0.1","1","50","""-2010193038""","13.825605316102823","13.825605316102823","13.825605316102823","0","13.825605316102823"
"1","131","160","3.8000000000000003","0.05","7","0","""758889408""","35.53678428918367","35.53678428918367","35.53678428918367","0","35.53678428918367"
"1","132","160","3.8000000000000003","0.05","7","0","""-1757312459""","35.048740393776036","35.048740393776036","35.048740393776036","0","35.048740393776036"
"1","133","160","3.8000000000000003","0.05","7","0","""1567832667""","33.327042161026064","33.327042161026064","33.327042161026064","0","33.327042161026064"
"1","134","160","3.8000000000000003","0.05","7","0","""300416654""","31.8895741779907","31.8895741779907","31.8895741779907","0","31.8895741779907"
"1","135","160","3.8000000000000003","0.05","7","0","""1005069380""","27.868603809647205","27.868603809647205","27.868603809647205","0","27.868603809647205"
"1","136","160","3.8000000000000003","0.05","7","0","""225994966""","28.683966150005855","28.683966150005855","28.683966150005855","0","28.683966150005855"
"1","137","160","3.8000000000000003","0.05","7","0","""1468429253""","30.652437487703562","30.652437487703562","30.652437487703562","0","30.652437487703562"
"1","138","160","3.8000000000000003","0.05","7","0","""-1252632859""","33.59758923908164","33.59758923908164","33.59758923908164","0","33.59758923908164"
"1","139","160","3.8000000000000003","0.05","7","0","""1861029771""","32.24004384605069","32.24004384605069","32.24004384605069","0","32.24004384605069"
"1","140","160","3.8000000000000003","0.05","7","0","""743529030""","34.239947747434876","34.239947747434876","34.239947747434876","0","34.239947747434876"
"1","141","160","0","0.65","9","75","""816315310""","11.999999999999998","11.999999999999998","11.999999999999998","0","11.999999999999998"
"1","142","160","0","0.65","9","75","""1359315272""","11.999999999999998","11.999999999999998","11.999999999999998","0","11.999999999999998"
"1","143","160","0","0.65","9","75","""1146838631""","11.999999999999998","11.999999999999998","11.999999999999998","0","11.999999999999998"
"1","144","160","0","0.65","9","75","""642413581""","11.999999999999998","11.999999999999998","11.999999999999998","0","11.999999999999998"
"1","145","160","0","0.65","9","75","""-1560489749""","11.999999999999998","11.999999999999998","11.999999999999998","0","11.999999999999998"
"1","146","160","0","0.65","9","75","""-1518931325""","11.999999999999998","11.999999999999998","11.999999999999998","0","11.999999999999998"
"1","147","160","0","0.65","9","75","""-532959434""","11.999999999999998","11.999999999999998","11.999999999999998","0","11.999999999999998"
"1","148","160","0","0.65","9","75","""589652635""","11.999999999999998","11.999999999999998","11.999999999999998","0","11.999999999999998"
"1","149","160","0","0.65","9","75","""-2050857583""","11.999999999999998","11.999999999999998","11.999999999999998","0","11.999999999999998"
"1","150","160","0","0.65","9","75","""-1609518541""","11.999999999999998","11.999999999999998","11.999999999999998","0","11.999999999999998"
"1","151","160","3.6","0","0","150","""1386176525""","47.45123354015343","47.45123354015343","47.45123354015343","0","47.45123354015343"
"1","152","160","3.6","0","0","150","""1378256746""","46.7479400681521","46.7479400681521","46.7479400681521","0","46.7479400681521"
"1","153","160","3.6","0","0","150","""-1828310179""","46.79202839835018","46.79202839835018","46.79202839835018","0","46.79202839835018"
"1","154","160","3.6","0","0","150","""1058967752""","47.55256391775137","47.55256391775137","47.55256391775137","0","47.55256391775137"
"1","155","160","3.6","0","0","150","""971705836""","49.04125893193898","49.04125893193898","49.04125893193898","0","49.04125893193898"
"1","156","160","3.6","0","0","150","""1225064171""","48.4383344459215","48.4383344459215","48.4383344459215","0","48.4383344459215"
"1","157","160","3.6","0","0","150","""510060054""","46.12851823245844","46.12851823245844","46.12851823245844","0","46.12851823245844"
"1","158","160","3.6","0","0","150","""-2080344122""","47.74450300062634","47.74450300062634","47.74450300062634","0","47.74450300062634"
"1","159","160","3.6","0","0","150","""-1930571076""","48.19443198830376","48.19443198830376","48.19443198830376","0","48.19443198830376"
"1","160","160","3.6","0","0","150","""953783629""","48.448276426574836","48.448276426574836","48.448276426574836","0","48.448276426574836"
"1","161","170","3","0.5","9","50","""-1971075548""","23.044409433693676","23.044409433693676","23.044409433693676","0","23.044409433693676"
"1","162","170","3","0.5","9","50","""987650287""","22.689659276261665","22.689659276261665","22.689659276261665","0","22.689659276261665"
"1","163","170","3","0.5","9","50","""1126965111""","22.883836985826413","22.883836985826413","22.883836985826413","0","22.883836985826413"
"1","164","170","3","0.5","9","50","""2090945696""","23.88560557061031","23.88560557061031","23.88560557061031","0","23.88560557061031"
"1","165","170","3","0.5","9","50","""717495486""","20.17057221710393","20.17057221710393","20.17057221710393","0","20.17057221710393"
"1","166","170","3","0.5","9","50","""1455389459""","21.108960121471487","21.108960121471487","21.108960121471487","0","21.108960121471487"
"1","167","170","3","0.5","9","50","""2135127422""","20.07939043873779","20.07939043873779","20.07939043873779","0","20.07939043873779"
"1","168","170","3","0.5","9","50","""295813362""","22.93691248624598","22.93691248624598","22.93691248624598","0","22.93691248624598"
"1","169","170","3","0.5","9","50","""1669955851""","24.051201865234653","24.051201865234653","24.051201865234653","0","24.051201865234653"
"1","170","170","3","0.5","9","50","""193920314""","26.515820517474783","26.515820517474783","26.515820517474783","0","26.515820517474783"
"1","171","180","1.8","0.05","8","75","""615973640""","20.581101313992466","20.581101313992466","20.581101313992466","0","20.581101313992466"
"1","172","180","1.8","0.05","8","75","""468754762""","22.092653261253258","22.092653261253258","22.092653261253258","0","22.092653261253258"
"1","173","180","1.8","0.05","8","75","""1115258492""","21.672412362952144","21.672412362952144","21.672412362952144","0","21.672412362952144"
"1","174","180","1.8","0.05","8","75","""-1543925042""","21.728971332867413","21.728971332867413","21.728971332867413","0","21.728971332867413"
"1","175","180","1.8","0.05","8","75","""-1206308446""","22.51153148849322","22.51153148849322","22.51153148849322","0","22.51153148849322"
"1","176","180","1.8","0.05","8","75","""-35927892""","20.183815341887332","20.183815341887332","20.183815341887332","0","20.183815341887332"
"1","177","180","1.8","0.05","8","75","""1045428290""","23.770325603938876","23.770325603938876","23.770325603938876","0","23.770325603938876"
"1","178","180","1.8","0.05","8","75","""323549567""","21.082728416438062","21.082728416438062","21.082728416438062","0","21.082728416438062"
"1","179","180","1.8","0.05","8","75","""-1079375399""","20.367109921944387","20.367109921944387","20.367109921944387","0","20.367109921944387"
"1","180","180","1.8","0.05","8","75","""-1759894550""","22.865443000532597","22.865443000532597","22.865443000532597","0","22.865443000532597"
"1","181","190","3.4000000000000004","0.2","3","250","""-969775326""","33.67949280904655","33.67949280904655","33.67949280904655","0","33.67949280904655"
"1","182","190","3.4000000000000004","0.2","3","250","""1647608748""","32.293915314314596","32.293915314314596","32.293915314314596","0","32.293915314314596"
"1","183","190","3.4000000000000004","0.2","3","250","""-1283527841""","36.93177789239021","36.93177789239021","36.93177789239021","0","36.93177789239021"
"1","184","190","3.4000000000000004","0.2","3","250","""-219698086""","39.393570373801204","39.393570373801204","39.393570373801204","0","39.393570373801204"
"1","185","190","3.4000000000000004","0.2","3","250","""1781340056""","37.59881775169321","37.59881775169321","37.59881775169321","0","37.59881775169321"
"1","186","190","3.4000000000000004","0.2","3","250","""-957440421""","32.2506512493598","32.2506512493598","32.2506512493598","0","32.2506512493598"
"1","187","190","3.4000000000000004","0.2","3","250","""-1333376638""","33.11679429063305","33.11679429063305","33.11679429063305","0","33.11679429063305"
"1","188","190","3.4000000000000004","0.2","3","250","""-605297374""","36.82448315147616","36.82448315147616","36.82448315147616","0","36.82448315147616"
"1","189","190","3.4000000000000004","0.2","3","250","""147582532""","35.55129807373611","35.55129807373611","35.55129807373611","0","35.55129807373611"
"1","190","190","3.4000000000000004","0.2","3","250","""668607652""","34.55578958758999","34.55578958758999","34.55578958758999","0","34.55578958758999"
"1","191","200","5","0.2","1","75","""-582098541""","48.30635948051144","48.30635948051144","48.30635948051144","0","48.30635948051144"
"1","192","200","5","0.2","1","75","""-327746988""","44.22805833045745","44.22805833045745","44.22805833045745","0","44.22805833045745"
"1","193","200","5","0.2","1","75","""-486255391""","48.75401007475707","48.75401007475707","48.75401007475707","0","48.75401007475707"
"1","194","200","5","0.2","1","75","""1166124479""","44.615967724848836","44.615967724848836","44.615967724848836","0","44.615967724848836"
"1","195","200","5","0.2","1","75","""7814909""","43.73606066999939","43.73606066999939","43.73606066999939","0","43.73606066999939"
"1","196","200","5","0.2","1","75","""-278056701""","48.50232969289706","48.50232969289706","48.50232969289706","0","48.50232969289706"
"1","197","200","5","0.2","1","75","""464248175""","49.24272181028239","49.24272181028239","49.24272181028239","0","49.24272181028239"
"1","198","200","5","0.2","1","75","""1107635044""","46.08342328647364","46.08342328647364","46.08342328647364","0","46.08342328647364"
"1","199","200","5","0.2","1","75","""1611118496""","48.3509355299964","48.3509355299964","48.3509355299964","0","48.3509355299964"
"1","200","200","5","0.2","1","75","""-1187059847""","44.35907002640595","44.35907002640595","44.35907002640595","0","44.35907002640595"
"1","201","210","4.4","0.05","6","0","""-1995317036""","31.514218494754054","31.514218494754054","31.514218494754054","0","31.514218494754054"
"1","202","210","4.4","0.05","6","0","""1312302738""","34.95745782283227","34.95745782283227","34.95745782283227","0","34.95745782283227"
"1","203","210","4.4","0.05","6","0","""1090381016""","34.067377070691705","34.067377070691705","34.067377070691705","0","34.067377070691705"
"1","204","210","4.4","0.05","6","0","""328774354""","33.98659855077017","33.98659855077017","33.98659855077017","0","33.98659855077017"
"1","205","210","4.4","0.05","6","0","""1951279073""","30.745535955961394","30.745535955961394","30.745535955961394","0","30.745535955961394"
"1","206","210","4.4","0.05","6","0","""824595108""","36.95260899610933","36.95260899610933","36.95260899610933","0","36.95260899610933"
"1","207","210","4.4","0.05","6","0","""-465946190""","35.61706132412326","35.61706132412326","35.61706132412326","0","35.61706132412326"
"1","208","210","4.4","0.05","6","0","""-1931475350""","38.7951020569228","38.7951020569228","38.7951020569228","0","38.7951020569228"
"1","209","210","4.4","0.05","6","0","""2075126212""","32.21462628504686","32.21462628504686","32.21462628504686","0","32.21462628504686"
"1","210","210","4.4","0.05","6","0","""663376708""","35.92316138110297","35.92316138110297","35.92316138110297","0","35.92316138110297"
"1","211","220","5","0.8500000000000001","4","175","""367273838""","20.82133000528994","20.82133000528994","20.82133000528994","0","20.82133000528994"
"1","212","220","5","0.8500000000000001","4","175","""-1044396017""","20.48980487370659","20.48980487370659","20.48980487370659","0","20.48980487370659"
"1","213","220","5","0.8500000000000001","4","175","""-2015941442""","20.98595769300694","20.98595769300694","20.98595769300694","0","20.98595769300694"
"1","214","220","5","0.8500000000000001","4","175","""-1598968878""","19.993645268747958","19.993645268747958","19.993645268747958","0","19.993645268747958"
"1","215","220","5","0.8500000000000001","4","175","""1133649788""","21.407864763971908","21.407864763971908","21.407864763971908","0","21.407864763971908"
"1","216","220","5","0.8500000000000001","4","175","""-907860321""","20.607942306764855","20.607942306764855","20.607942306764855","0","20.607942306764855"
"1","217","220","5","0.8500000000000001","4","175","""822120186""","21.06366261294598","21.06366261294598","21.06366261294598","0","21.06366261294598"
"1","218","220","5","0.8500000000000001","4","175","""-110080605""","22.663338638298214","22.663338638298214","22.663338638298214","0","22.663338638298214"
"1","219","220","5","0.8500000000000001","4","175","""-540456348""","20.402003606016617","20.402003606016617","20.402003606016617","0","20.402003606016617"
"1","220","220","5","0.8500000000000001","4","175","""1157030243""","18.72688788786416","18.72688788786416","18.72688788786416","0","18.72688788786416"
"1","221","230","2.4000000000000004","0.35000000000000003","2","100","""-1986163544""","28.613478256769717","28.613478256769717","28.613478256769717","0","28.613478256769717"
"1","222","230","2.4000000000000004","0.35000000000000003","2","100","""-1346352764""","30.92349038483943","30.92349038483943","30.92349038483943","0","30.92349038483943"
"1","223","230","2.4000000000000004","0.35000000000000003","2","100","""871027206""","32.12387422559421","32.12387422559421","32.12387422559421","0","32.12387422559421"
"1","224","230","2.4000000000000004","0.35000000000000003","2","100","""1954307280""","30.2581882967587","30.2581882967587","30.2581882967587","0","30.2581882967587"
"1","225","230","2.4000000000000004","0.35000000000000003","2","100","""-1333666375""","28.18958244528313","28.18958244528313","28.18958244528313","0","28.18958244528313"
"1","226","230","2.4000000000000004","0.35000000000000003","2","100","""-1167209982""","26.91251340140797","26.91251340140797","26.91251340140797","0","26.91251340140797"
"1","227","230","2.4000000000000004","0.35000000000000003","2","100","""1741339834""","30.632622506364253","30.632622506364253","30.632622506364253","0","30.632622506364253"
"1","228","230","2.4000000000000004","0.35000000000000003","2","100","""1517245656""","29.652860885481502","29.652860885481502","29.652860885481502","0","29.652860885481502"
"1","229","230","2.4000000000000004","0.35000000000000003","2","100","""-281644201""","30.113638675003788","30.113638675003788","30.113638675003788","0","30.113638675003788"
"1","230","230","2.4000000000000004","0.35000000000000003","2","100","""-493015663""","31.965082574101142","31.965082574101142","31.965082574101142","0","31.965082574101142"
"1","231","240","4","0.2","8","100","""-1771121337""","33.089747310787025","33.089747310787025","33.089747310787025","0","33.089747310787025"
"1","232","240","4","0.2","8","100","""887398536""","30.504955691892196","30.504955691892196","30.504955691892196","0","30.504955691892196"
"1","233","240","4","0.2","8","100","""1498923064""","27.079076108187117","27.079076108187117","27.079076108187117","0","27.079076108187117"
"1","234","240","4","0.2","8","100","""905607471""","33.18160052630577","33.18160052630577","33.18160052630577","0","33.18160052630577"
"1","235","240","4","0.2","8","100","""528726217""","31.418613945297047","31.418613945297047","31.418613945297047","0","31.418613945297047"
"1","236","240","4","0.2","8","100","""-721735094""","26.881905250745874","26.881905250745874","26.881905250745874","0","26.881905250745874"
"1","237","240","4","0.2","8","100","""1062188804""","25.555110453603024","25.555110453603024","25.555110453603024","0","25.555110453603024"
"1","238","240","4","0.2","8","100","""1362131235""","28.019748500100512","28.019748500100512","28.019748500100512","0","28.019748500100512"
"1","239","240","4","0.2","8","100","""-2005675084""","33.18254359754783","33.18254359754783","33.18254359754783","0","33.18254359754783"
"1","240","240","4","0.2","8","100","""-1144657904""","35.28472116123894","35.28472116123894","35.28472116123894","0","35.28472116123894"
"1","241","250","3.6","0.30000000000000004","4","75","""-1197657568""","31.06982491210453","31.06982491210453","31.06982491210453","0","31.06982491210453"
"1","242","250","3.6","0.30000000000000004","4","75","""1783553411""","33.06820839188246","33.06820839188246","33.06820839188246","0","33.06820839188246"
"1","243","250","3.6","0.30000000000000004","4","75","""-1306076651""","31.480845447156096","31.480845447156096","31.480845447156096","0","31.480845447156096"
"1","244","250","3.6","0.30000000000000004","4","75","""-483504783""","36.084032728124015","36.084032728124015","36.084032728124015","0","36.084032728124015"
"1","245","250","3.6","0.30000000000000004","4","75","""-944739913""","29.54760519150178","29.54760519150178","29.54760519150178","0","29.54760519150178"
"1","246","250","3.6","0.30000000000000004","4","75","""1260916343""","33.22561528542677","33.22561528542677","33.22561528542677","0","33.22561528542677"
"1","247","250","3.6","0.30000000000000004","4","75","""-1160508298""","32.190067728288255","32.190067728288255","32.190067728288255","0","32.190067728288255"
"1","248","250","3.6","0.30000000000000004","4","75","""-897228298""","31.822047751671974","31.822047751671974","31.822047751671974","0","31.822047751671974"
"1","249","250","3.6","0.30000000000000004","4","75","""-273295416""","29.28217385798702","29.28217385798702","29.28217385798702","0","29.28217385798702"
"1","250","250","3.6","0.30000000000000004","4","75","""-414495606""","34.82158300816935","34.82158300816935","34.82158300816935","0","34.82158300816935"
"1","251","260","2.8000000000000003","0.5","9","25","""-1521218220""","23.532756135579454","23.532756135579454","23.532756135579454","0","23.532756135579454"
"1","252","260","2.8000000000000003","0.5","9","25","""194602464""","19.480051339934995","19.480051339934995","19.480051339934995","0","19.480051339934995"
"1","253","260","2.8000000000000003","0.5","9","25","""-2058273851""","23.622199566195885","23.622199566195885","23.622199566195885","0","23.622199566195885"
"1","254","260","2.8000000000000003","0.5","9","25","""-883667312""","23.910271642472047","23.910271642472047","23.910271642472047","0","23.910271642472047"
"1","255","260","2.8000000000000003","0.5","9","25","""2118605132""","24.081998384599054","24.081998384599054","24.081998384599054","0","24.081998384599054"
"1","256","260","2.8000000000000003","0.5","9","25","""-1451321563""","23.46748140260558","23.46748140260558","23.46748140260558","0","23.46748140260558"
"1","257","260","2.8000000000000003","0.5","9","25","""1403912410""","19.74614854435133","19.74614854435133","19.74614854435133","0","19.74614854435133"
"1","258","260","2.8000000000000003","0.5","9","25","""-1451196909""","20.11393339803552","20.11393339803552","20.11393339803552","0","20.11393339803552"
"1","259","260","2.8000000000000003","0.5","9","25","""130716394""","19.966510603634287","19.966510603634287","19.966510603634287","0","19.966510603634287"
"1","260","260","2.8000000000000003","0.5","9","25","""-1230694763""","24.95510438605193","24.95510438605193","24.95510438605193","0","24.95510438605193"
"1","261","270","4.6000000000000005","0.5","3","175","""1005367115""","32.48953621383295","32.48953621383295","32.48953621383295","0","32.48953621383295"
"1","262","270","4.6000000000000005","0.5","3","175","""1152995101""","35.02943814604383","35.02943814604383","35.02943814604383","0","35.02943814604383"
"1","263","270","4.6000000000000005","0.5","3","175","""552363139""","34.15570149963411","34.15570149963411","34.15570149963411","0","34.15570149963411"
"1","264","270","4.6000000000000005","0.5","3","175","""1283490176""","33.026538556677906","33.026538556677906","33.026538556677906","0","33.026538556677906"
"1","265","270","4.6000000000000005","0.5","3","175","""2029151031""","34.864570961386626","34.864570961386626","34.864570961386626","0","34.864570961386626"
"1","266","270","4.6000000000000005","0.5","3","175","""147838341""","33.64973246824336","33.64973246824336","33.64973246824336","0","33.64973246824336"
"1","267","270","4.6000000000000005","0.5","3","175","""-1151522355""","29.798903167495933","29.798903167495933","29.798903167495933","0","29.798903167495933"
"1","268","270","4.6000000000000005","0.5","3","175","""-43949762""","32.2789261400562","32.2789261400562","32.2789261400562","0","32.2789261400562"
"1","269","270","4.6000000000000005","0.5","3","175","""-730975042""","33.78247751967323","33.78247751967323","33.78247751967323","0","33.78247751967323"
"1","270","270","4.6000000000000005","0.5","3","175","""505305025""","32.662286915401374","32.662286915401374","32.662286915401374","0","32.662286915401374"
"1","271","280","0.8","1","0","175","""-1325907074""","11.999999999999998","11.999999999999998","11.999999999999998","0","11.999999999999998"
"1","272","280","0.8","1","0","175","""-1059479551""","11.999999999999998","11.999999999999998","11.999999999999998","0","11.999999999999998"
"1","273","280","0.8","1","0","175","""-984578470""","11.999999999999998","11.999999999999998","11.999999999999998","0","11.999999999999998"
"1","274","280","0.8","1","0","175","""1617032958""","11.999999999999998","11.999999999999998","11.999999999999998","0","11.999999999999998"
"1","275","280","0.8","1","0","175","""-1405865777""","11.999999999999998","11.999999999999998","11.999999999999998","0","11.999999999999998"
"1","276","280","0.8","1","0","175","""-2039322327""","11.999999999999998","11.999999999999998","11.999999999999998","0","11.999999999999998"
"1","277","280","0.8","1","0","175","""-235335327""","11.999999999999998","11.999999999999998","11.999999999999998","0","11.999999999999998"
"1","278","280","0.8","1","0","175","""339440964""","11.999999999999998","11.999999999999998","11.999999999999998","0","11.999999999999998"
"1","279","280","0.8","1","0","175","""-1832789300""","11.999999999999998","11.999999999999998","11.999999999999998","0","11.999999999999998"
"1","280","280","0.8","1","0","175","""-510552544""","11.999999999999998","11.999999999999998","11.999999999999998","0","11.999999999999998"
"1","281","290","2.8000000000000003","0.8500000000000001","7","175","""963234002""","16.690632724961077","16.690632724961077","16.690632724961077","0","16.690632724961077"
"1","282","290","2.8000000000000003","0.8500000000000001","7","175","""-1619029225""","16.46538369019493","16.46538369019493","16.46538369019493","0","16.46538369019493"
"1","283","290","2.8000000000000003","0.8500000000000001","7","175","""271047094""","17.553290523433276","17.553290523433276","17.553290523433276","0","17.553290523433276"
"1","284","290","2.8000000000000003","0.8500000000000001","7","175","""985621097""","18.28358544322975","18.28358544322975","18.28358544322975","0","18.28358544322975"
"1","285","290","2.8000000000000003","0.8500000000000001","7","175","""312782481""","16.74619259032383","16.74619259032383","16.74619259032383","0","16.74619259032383"
"1","286","290","2.8000000000000003","0.8500000000000001","7","175","""1428492050""","15.737498124745732","15.737498124745732","15.737498124745732","0","15.737498124745732"
"1","287","290","2.8000000000000003","0.8500000000000001","7","175","""-1873937723""","16.630895085491705","16.630895085491705","16.630895085491705","0","16.630895085491705"
"1","288","290","2.8000000000000003","0.8500000000000001","7","175","""1516589486""","16.873856769137188","16.873856769137188","16.873856769137188","0","16.873856769137188"
"1","289","290","2.8000000000000003","0.8500000000000001","7","175","""-1077520094""","15.785034135406733","15.785034135406733","15.785034135406733","0","15.785034135406733"
"1","290","290","2.8000000000000003","0.8500000000000001","7","175","""343449472""","19.116434608662995","19.116434608662995","19.116434608662995","0","19.116434608662995"
"1","291","300","2","0","0","250","""-1872426297""","35.94854029574926","35.94854029574926","35.94854029574926","0","35.94854029574926"
"1","292","300","2","0","0","250","""-1907217299""","36.57287214593963","36.57287214593963","36.57287214593963","0","36.57287214593963"
"1","293","300","2","0","0","250","""1413749120""","35.30692610819422","35.30692610819422","35.30692610819422","0","35.30692610819422"
"1","294","300","2","0","0","250","""381651561""","36.49828495972216","36.49828495972216","36.49828495972216","0","36.49828495972216"
"1","295","300","2","0","0","250","""-845102083""","35.03156840592972","35.03156840592972","35.03156840592972","0","35.03156840592972"
"1","296","300","2","0","0","250","""-1592500677""","35.38062795451225","35.38062795451225","35.38062795451225","0","35.38062795451225"
"1","297","300","2","0","0","250","""-860509391""","37.04066910422487","37.04066910422487","37.04066910422487","0","37.04066910422487"
"1","298","300","2","0","0","250","""949846889""","35.51689544028995","35.51689544028995","35.51689544028995","0","35.51689544028995"
"1","299","300","2","0","0","250","""-1863483049""","36.606446741623905","36.606446741623905","36.606446741623905","0","36.606446741623905"
"1","300","300","2","0","0","250","""1056383913""","36.22252953745609","36.22252953745609","36.22252953745609","0","36.22252953745609"
